group,pct_other_lang,pct_lep
US Total,0.21483652514444207,0.0846276578930714
Asian American,0.7471400988124246,0.3323812544756357
Pacific Islander,0.4015132380676717,0.12746560277869445
