group,pct_no_insurance
US Total,0.09357933689407286
Asian American,0.07525468274718118
Pacific Islander,0.10611639966354622
