group,pct_home
US Total,0.6384759732320674
Asian American,0.5895921203837053
Pacific Islander,0.40659143714836177
