group,pct_agep1,pct_agep2,pct_agep3,pct_agep4
US Total,0.2277873948720766,0.4244704176359076,0.19525498103873476,0.15248720645328104
